model,time_s,per_sample_s,ok
Transformer,19.705947160720825,0.025039322948819345,True
Transformer (finetuned),41.80282402038574,0.053116676010655325,True
TFIDF,0.43920326232910156,0.0005580727602656945,True
Dictionary,0.10046148300170898,0.00012765118551678396,True
Naive,0.012559652328491211,1.595889749490624e-05,True
